11,12,13,21,22,23,31,32,33,41,42,43,time
59,60,59,60,59,60,59,59,59,59,59,59,0.7975289821624756
59,59,58,59,59,59,58,59,59,59,59,58,1.0854814052581787
59,59,59,59,59,60,58,59,59,59,59,59,1.3734817504882812
59,59,58,59,59,60,58,59,59,59,59,59,1.6617400646209717
59,59,59,60,59,60,58,59,59,59,59,59,1.949345588684082
59,59,59,59,59,60,58,59,59,59,59,59,2.2377426624298096
59,59,59,60,59,60,58,59,59,59,59,59,2.52557373046875
59,59,59,60,59,60,58,59,59,59,59,59,2.813575267791748
59,59,59,59,59,60,58,59,59,59,59,59,3.1014835834503174
59,59,59,60,59,60,58,59,59,59,59,59,3.38944673538208
59,59,59,59,59,59,58,59,59,59,59,59,3.6776790618896484
59,59,59,60,59,60,58,59,59,59,59,59,3.9658994674682617
59,59,59,60,59,60,58,59,59,59,59,59,4.253741502761841
59,59,59,59,59,60,58,59,59,59,59,59,4.542047023773193
59,59,59,59,59,60,58,59,59,59,59,59,4.829512596130371
59,59,59,59,59,60,58,59,59,59,59,59,5.117752552032471
59,60,59,59,59,60,58,59,59,59,59,59,5.405124664306641
59,59,59,59,59,60,58,59,59,59,59,59,5.693144798278809
59,59,58,59,59,60,58,59,59,59,59,59,5.981247186660767
59,59,59,59,59,60,58,59,59,59,59,59,6.269285440444946
58,59,59,59,59,60,58,59,59,59,59,59,6.557152032852173
59,59,58,59,59,60,58,59,59,59,59,59,6.84534764289856
59,59,59,59,59,60,58,59,59,59,59,59,7.133721113204956
59,59,59,59,59,60,58,59,59,59,59,59,7.421490907669067
59,59,58,59,59,59,58,59,59,59,59,59,7.709057807922363
58,59,59,59,59,59,58,59,59,59,59,59,7.997299909591675
59,59,59,59,59,60,58,59,59,59,59,59,8.28526520729065
59,59,59,59,59,60,58,59,59,59,59,59,8.573487281799316
58,59,59,59,59,59,58,58,59,59,59,59,8.845795154571533
58,59,59,59,59,59,58,59,59,59,59,58,9.110149383544922
58,59,58,59,59,59,58,58,59,59,59,59,9.350172519683838
59,59,58,59,59,59,58,59,59,59,59,59,9.606113910675049
58,59,58,59,59,59,58,59,59,59,59,58,9.846234798431396
59,59,59,60,59,60,58,59,59,59,59,59,10.102001190185547
59,60,59,60,59,60,59,59,59,59,59,59,10.342150449752808
59,60,59,60,59,60,59,59,59,59,59,59,10.598056077957153
59,60,59,59,59,60,58,59,59,59,59,59,10.837912559509277
59,59,59,59,59,59,58,59,59,59,59,59,11.093950271606445
58,59,58,59,59,59,58,59,59,59,59,59,11.339746236801147
59,59,59,59,59,59,58,58,59,59,59,59,11.590027093887329
59,59,58,59,59,59,58,59,59,59,59,59,11.830095291137695
59,60,59,60,60,60,58,59,59,59,59,59,12.086248397827148
59,59,59,60,60,60,59,59,59,59,59,59,12.326021194458008
59,60,59,60,60,60,59,59,59,59,59,59,12.58228087425232
59,60,59,59,59,60,59,59,59,59,59,59,12.822090148925781
58,59,58,59,59,59,58,59,59,59,58,59,13.078060150146484
59,59,58,59,59,59,58,58,59,59,59,59,13.31812596321106
59,59,58,59,59,59,58,59,59,59,59,59,13.57396650314331
59,59,58,59,59,60,58,59,59,59,59,59,13.814022064208984
59,59,59,59,59,60,58,59,59,59,59,59,14.069988250732422
59,60,59,59,59,60,58,59,59,59,59,59,14.309906005859375
59,60,59,60,59,60,58,59,59,59,59,59,14.565766334533691
59,60,59,60,59,59,58,59,59,59,59,59,14.80589771270752
58,59,59,59,59,59,58,58,59,59,59,59,15.061854839324951
58,59,58,59,59,59,58,59,59,59,59,59,15.301886796951294
59,59,58,59,59,59,58,59,59,59,59,59,15.557819366455078
58,59,58,59,59,59,58,58,59,58,59,58,15.79783034324646
59,60,59,60,59,60,58,59,59,59,59,59,16.05376434326172
59,60,59,60,59,60,58,59,59,59,59,59,16.293840408325195
59,60,59,60,59,60,59,59,59,59,59,59,16.54980707168579
59,60,59,59,59,60,58,59,59,59,59,59,16.789814949035645
58,59,58,59,59,59,58,59,59,59,59,59,17.04597806930542
58,59,58,59,59,59,58,59,59,59,58,59,17.286086320877075
58,59,58,59,59,59,58,59,59,59,59,58,17.54325008392334
59,59,59,59,59,60,58,58,59,59,59,59,17.797576665878296
59,60,59,59,59,60,58,59,59,59,59,59,18.05346417427063
59,59,59,59,59,60,58,59,59,59,59,59,18.30969500541687
59,59,59,59,59,60,58,59,59,59,59,59,18.565892696380615
59,59,59,60,59,60,58,59,59,59,59,59,18.821778774261475
59,59,59,59,59,60,58,59,59,59,59,59,19.077943563461304
59,60,59,60,59,60,58,59,59,59,59,59,19.33405637741089
59,59,59,59,59,60,58,59,59,59,59,59,19.591646671295166
59,59,59,59,59,59,58,59,59,59,59,59,19.845585584640503
59,59,59,60,59,60,58,59,59,59,59,59,20.101726770401
59,59,59,59,59,60,58,59,59,59,59,59,20.357497453689575
59,60,59,59,59,60,58,59,59,59,59,59,20.613656282424927
59,59,59,60,59,60,58,59,59,59,59,59,20.869502544403076
59,59,59,59,59,60,58,59,59,59,59,59,21.125407695770264
59,59,59,59,59,60,58,59,59,59,59,59,21.381523370742798
59,60,59,59,59,60,58,59,59,59,59,59,21.63749408721924
59,59,59,59,59,60,58,59,59,59,59,59,21.877375602722168
57,57,57,58,58,58,56,57,57,57,56,56,22.1334068775177
57,58,57,58,58,58,56,57,57,57,57,57,22.373428106307983
58,58,58,58,58,58,57,57,57,57,58,57,22.630460739135742
57,58,57,58,58,58,56,56,57,57,57,57,22.86946940422058
57,58,58,58,58,58,57,57,57,57,57,57,23.125386714935303
57,58,58,58,58,58,57,57,57,57,57,57,23.365408182144165
57,58,57,58,58,58,56,57,57,57,57,57,23.621408700942993
58,58,58,58,58,58,56,57,58,57,57,57,23.861252784729004
58,58,57,58,58,58,56,57,57,57,57,57,24.117473602294922
57,58,58,58,58,58,57,57,57,57,57,57,24.35735845565796
57,58,58,58,58,58,57,57,57,57,57,57,24.613489866256714
57,58,57,59,58,59,56,57,58,58,57,57,24.85343074798584
58,58,58,58,58,58,57,57,58,57,57,57,25.10949182510376
57,58,57,58,58,58,56,57,57,57,57,57,25.349451303482056
57,58,58,58,58,58,57,57,57,57,57,57,25.62867522239685
57,58,58,58,58,58,56,57,57,57,57,57,25.900800466537476
58,58,58,58,58,58,56,57,57,57,57,57,26.18865418434143
58,58,57,58,58,58,57,57,57,57,57,57,26.46044945716858
57,58,57,58,58,58,56,57,57,57,57,57,26.74830412864685
58,58,58,58,58,58,57,57,57,58,58,57,27.02034640312195
58,58,57,58,58,59,57,57,57,57,57,57,27.285500049591064
59,59,59,59,59,59,58,59,59,59,59,59,27.54179096221924
59,59,59,59,59,60,58,59,59,59,59,59,27.797406673431396
59,59,59,59,59,60,58,59,59,59,59,59,28.053316593170166
59,59,59,59,59,59,58,59,59,59,59,59,28.30905508995056
59,59,59,59,59,60,58,59,59,58,59,59,28.565090894699097
59,59,59,59,59,59,58,59,59,59,59,59,28.847229719161987
59,59,59,59,59,59,58,59,59,59,59,59,29.13656973838806
59,59,59,59,59,59,58,58,59,59,59,59,29.420619010925293
59,59,59,59,59,60,58,59,59,59,58,58,29.7100830078125
59,59,59,59,59,59,58,59,59,59,59,58,29.996536016464233
59,59,59,59,59,59,58,59,59,59,59,59,30.284993886947632
